https://nationalinterest.org/sites/default/files/styles/desktop__1260_/public/main_images/Navy_launches_first_local_F-35C_sortie_130814-F-OC707-032.jpg?itok=s018uIdo,
https://upload.wikimedia.org/wikipedia/commons/thumb/6/61/F-35A_flight_%28cropped%29.jpg/280px-F-35A_flight_%28cropped%29.jpg,
https://pbs.twimg.com/profile_images/1177676760768532481/Q9f_EyrG_400x400.jpg,
https://www.usinenouvelle.com/mediatheque/9/8/8/000645889/f-35-avion-de-chasse.jpg,
https://www.armytimes.com/resizer/DSRTzWuazXDDnMGKhI_WjpsejqE=/1200x0/filters:quality(100)/arc-anglerfish-arc2-prod-mco.s3.amazonaws.com/public/I7BT6CWECJDIVDKFA25OQBFQ7M.jpg,
https://images.unsplash.com/photo-1535330373668-fa1f07c06b2c?ixlib=rb-1.2.1&ixid=eyJhcHBfaWQiOjEyMDd9&w=1000&q=80,
https://i.ytimg.com/vi/vdhGjqSA2ls/maxresdefault.jpg,
https://img.bfmtv.com/c/1000/600/7c8/69b969a57286dae0ba6f19717482b.jpg,
https://www.avionslegendaires.net/wp-content/uploads/2018/05/F-35-Lightning-II-vol_LM.jpg,
https://nationalinterest.org/sites/default/files/styles/desktop__1260_/public/main_images/W39.jpg?itok=0iY2kABM,
https://ukdj.imgix.net/d24c98539f774e74890f95b19e27713f_/38GpPO-Official-20160629-080-557.jpg?auto=compress%2Cformat&ixlib=php-1.2.1&s=a0e5725a18ef6729cfc09418e0a3d6ce,
http://i.hurimg.com/i/hdn/75/0x0/5a9409ab7af507398095784b.jpg,
https://www.militaryfactory.com/aircraft/imgs/lockheed-martin-f35-lightning-ii-advanced-strike-fighter-aircraft-usa_18.jpg,
http://i.hurimg.com/i/hdn/75/0x0/5a2518d018c7731e6444a8ca.jpg,
https://s3.amazonaws.com/marquee-test-akiaisur2rgicbmpehea/x0GidXdUSse0bR5eMMAQ_F-35B%20for%20the%20RAF.jpg,
https://nationalinterest.org/sites/default/files/styles/desktop__1260_/public/main_images/sdefsdrfgrfdegreter.jpg?itok=4B9WQVIv,
https://ukdj.imgix.net/2fe41472200230f469edb16d75c67274_/38GpPO-Official-20160629-080-565.jpg?auto=compress%2Cformat&ixlib=php-1.2.1&s=c197d34d59ccc30907970303d77105f0,
https://i.dailymail.co.uk/i/pix/2018/01/01/18/35CE1FBB00000578-0-image-a-22_1514830844646.jpg,
http://psk.blog.24heures.ch/media/01/02/740439497.jpg,
https://the-drive.imgix.net/https%3A%2F%2Fapi.thedrive.com%2Fwp-content%2Fuploads%2F2019%2F06%2Ff-35b-top.jpg%3Fquality%3D85?w=1440&auto=compress%2Cformat&ixlib=js-1.4.1&s=595a315c0999c75fa927d1798a715d4d,
https://blogs.letemps.ch/alexis-pfefferle/wp-content/uploads/sites/188/2018/10/F35-750x410.jpg,
https://s.yimg.com/ny/api/res/1.2/5YuESEHM5sb4KaMc96ZEGw--/YXBwaWQ9aGlnaGxhbmRlcjt3PTEyNDI7aD03NzYuMjU-/https://s.yimg.com/uu/api/res/1.2/ByTClORAF4PxogsJC150uQ--~B/aD04MDA7dz0xMjgwO3NtPTE7YXBwaWQ9eXRhY2h5b24-/https://media.zenfs.com/en/the_national_interest_705/5b214bc49e708487076abbffcedf4764,
https://www.duffelblog.com/wp-content/uploads/2013/03/f35.jpg,
https://static01.nyt.com/images/2019/08/21/magazine/21atwar-F35-image-04/21atwar-F35-image-04-articleLarge.jpg?quality=75&auto=webp&disable=upscale,
https://i.ytimg.com/vi/0qxdUl2ZyFE/maxresdefault.jpg,
https://image.businessinsider.com/5d4dcaebd0c43643fb472013?width=1100&format=jpeg&auto=webp,
https://image.cnbcfm.com/api/v1/image/105092002-36594766791_a83806cd8e_k.jpg?v=1529477856&w=678&h=381,
https://www.americanmachinist.com/sites/americanmachinist.com/files/styles/article_featured_retina/public/F35-water-landing-800_2.jpg?itok=8o-cZzSb,
https://cdn.aviationtoday.com/wp-content/uploads/2018/04/hillf35.jpg,
https://inews.co.uk/images-i.jpimedia.uk/imagefetch/https://inews.co.uk/wp-content/uploads/2018/05/f35.jpg?width=640,
https://i.cbc.ca/1.5270603.1571265579!/fileImage/httpImage/image.JPG_gen/derivatives/16x9_780/f-35-air-show.JPG,
https://www.armytimes.com/resizer/wBveY0rL908y1Ydj9Ml3MpQZcNQ=/1200x0/filters:quality(100)/arc-anglerfish-arc2-prod-mco.s3.amazonaws.com/public/GEWK3NKBYVE2LLMVB6PAELQOC4.jpg,
https://www.jforum.fr/wp-content/uploads/2019/06/f35buk-20190625_482_322.jpg,
http://www.centpapiers.com/wp-content/uploads/F35-roll_2442972c.jpg,
https://reseauinternational.net/wp-content/uploads/2018/09/F35-20180930.jpg,
https://s.yimg.com/uu/api/res/1.2/lJw6R36wHZAk3iCtSMqJmA--~B/aD01MDQ7dz04MDA7c209MTthcHBpZD15dGFjaHlvbg--/http://media.zenfs.com/en_us/News/Reuters/2019-04-10T044806Z_1_LYNXNPEF3908D_RTROPTP_3_JAPAN-DEFENCE-F35.JPG,
https://static01.nyt.com/images/2019/08/21/magazine/21atwar-F35-image-1/21atwar-F35-image-articleLarge.jpg?quality=75&auto=webp&disable=upscale,
https://images.radio-canada.ca/q_auto,w_1250/v1/ici-info/16x9/avion-chasse-chasseur-furtif-f35-canada-etats-unis-appel-offres.jpg,
https://hips.hearstapps.com/hmg-prod.s3.amazonaws.com/images/5795703-1572375664.jpg?crop=0.7501609787508049xw:1xh;center,top&resize=480:*,
http://www.lesoir.be/sites/default/files/dpistyles_v2/ena_16_9_extra_big/2018/10/23/node_188662/25610493/public/2018/10/23/B9717361162Z.1_20181023111746_000+GQ9C9HOK5.1-0.jpg?itok=HqawRAwQ1541587843,
http://psk.blog.24heures.ch/media/00/00/3904619707.jpg,
https://d.newsweek.com/en/full/378116/0929-fighter-jets-f35-pentagon.jpg,
https://cdn.newsapi.com.au/image/v1/efac244adb4e5b5323e43408a23585b0?width=650,
https://www.armytimes.com/resizer/5ceFWDkrFJUklaIycZNZd2m_Sj4=/1200x0/filters:quality(100)/arc-anglerfish-arc2-prod-mco.s3.amazonaws.com/public/BYCJGQEQFFHYLEIJO2U7PQH3AU.JPG,
https://static.timesofisrael.com/www/uploads/2019/07/WhatsApp_Image_2019-07-14_at_19.36.42.jpeg,
http://www.opex360.com/wp-content/uploads/f22-f35-20180910.jpg,
https://www.usinenouvelle.com/mediatheque/9/7/2/000161279_image_896x598/f-35-lightning-ii.jpg,
https://media.defense.gov/2019/Jun/11/2002143918/1280/1280/0/190524-F-SX095-005E.JPG,
https://image.businessinsider.com/5d010fdf6fc9205a0f1f18b6?width=1200&format=jpeg,
https://www.nextbigfuture.com/wp-content/uploads/2018/08/F35money.jpg,
https://defensesystems.com/-/media/GIG/Defense-Systems/F35.jpg,
https://www.baesystems.com/en/download-en/multimediaimage/webImage/20190821151950/1434636981458.jpg,
https://www.armytimes.com/resizer/qJMS6pdwVN3fZo8VvD0jwd-aMFk=/1200x0/filters:quality(100)/arc-anglerfish-arc2-prod-mco.s3.amazonaws.com/public/Q23JVI4P3JEZDMK6KCIC73FMNY.jpg,
https://www.aerobuzz.fr/wp-content/uploads/2018/12/F35-japon-900x559.jpg,
https://static.asiatimes.com/uploads/2019/07/Screen-Shot-2019-07-20-at-10.52.58-AM-900x540.png,
https://moustique.cdnartwhere.eu/sites/default/files/styles/large/public/field/image/belgaimage-126953196-full.jpg?itok=7If65ymB,
https://www.mbda-systems.com/wp-content/uploads/2016/07/F35-and-Typhoon-with-SPEAR-%C2%A9-MBDA-UK-Ltd.jpg,
http://psk.blog.24heures.ch/media/02/01/3832971718.jpg,
https://media.voltron.voanews.com/Drupal/01live-166/styles/sourced/s3/2019-06/1BAA0B5E-A7B1-474F-BB7B-CB0DA0CD5B26.jpg?itok=gRugsx2O,
https://www.vpr.org/sites/vpr/files/styles/medium/public/201909/F35--VPR-Reed-20190924.jpg,
https://www.cbronline.com/wp-content/uploads/2019/09/7-570x300.jpg,
https://iadsb.tmgrup.com.tr/eeeea0/645/400/0/0/800/496?u=https://idsb.tmgrup.com.tr/2019/06/15/chinese-owned-company-produces-key-circuit-boards-for-f-35-jets-report-says-1560588178432.jpg,
https://a57.foxnews.com/media2.foxnews.com/BrightCove/694940094001/2019/08/21/931/524/694940094001_6075367651001_6075370763001-vs.jpg?ve=1&tl=1,
https://i.dailymail.co.uk/1s/2019/06/19/18/12096484-7158309-There_are_three_different_varieties_of_the_F35_which_each_have_s-a-36_1560965353054.jpg,
https://s2.reutersmedia.net/resources/r/?m=02&d=20180522&t=2&i=1264709701&r=LYNXNPEE4L0GH&w=1280,
https://cdn.images.express.co.uk/img/dynamic/1/590x/secondary/f35-2169004.jpg?r=1574081931660,
http://www.opex360.com/wp-content/uploads/f35-20140423.jpg,
https://www.thesun.co.uk/wp-content/uploads/2019/10/NINTCHDBPICT000534011960-1.jpg,
https://theaviationgeekclub.com/wp-content/uploads/2017/12/Beast-Mode.jpg,
https://www.armytimes.com/resizer/gn07yUJeUnEsFLCnD-ldKDJFgRU=/1200x0/filters:quality(100)/arc-anglerfish-arc2-prod-mco.s3.amazonaws.com/public/BJMPJLQDWBD2VIYWS5YV4NQ7YI.jpg,
https://images-na.ssl-images-amazon.com/images/I/61PX8hUO1mL._SX425_.jpg,
https://i.ytimg.com/vi/4r9ChAp9sS8/maxresdefault.jpg,
https://assets.skiesmag.com/wp-content/uploads/2019/08/F35-2018-DerekHeyes-7.jpg,
https://i.cbc.ca/1.1511548.1382074818!/httpImage/image.jpg_gen/derivatives/16x9_780/li-f35-test-flight.jpg,
https://cdn1.img.sputniknews.com/images/104979/56/1049795687.jpg,
https://mediadc.brightspotcdn.com/dims4/default/eb50e49/2147483647/strip/true/crop/4064x2832+0+0/resize/4064x2832!/quality/90/?url=https%3A%2F%2Fmediadc.brightspotcdn.com%2Fe0%2Fd1%2F595da3c4eecb8f184b220d6c7f62%2F2ac50153d92e4997936f249c828a1552.jpg,
https://i.ytimg.com/vi/SEW9Ru5R9XE/maxresdefault.jpg,
https://t3.llb.be/q1eZxxVsnjsdGFyravCn2SwBuAE=/0x323:5568x3107/620x310/5bae8586cd70a16d811b4222.jpg,
https://media.graytvinc.com/images/810*455/f35+mgn1.jpg,
https://upload.wikimedia.org/wikipedia/commons/4/43/First_F-35_headed_for_USAF_service.jpg,
https://www.avionslegendaires.net/wp-content/uploads/2019/07/F-35A-Turquie-Luke-AFB_Keypublishing.jpg,
https://cap.img.pmdstatic.net/fit/http.3A.2F.2Fprd2-bone-image.2Es3-website-eu-west-1.2Eamazonaws.2Ecom.2Fcap.2F2017.2F08.2F25.2Fe9fa64df-ea23-4f95-9b8f-3d884cb6eb88.2Ejpeg/1200x630/background-color/ffffff/quality/70/les-essais-du-f-35-a-decollage-court-du-futur-porte-avions-britannique-1241071.jpg,
https://ahvalnews.com/sites/default/files/styles/is_article_featured_top_1200x550/public/2018-11/f35.jpg?h=ea2247a3&itok=YgZHdtXk,
https://assets.bwbx.io/images/users/iqjWHBFdfxIU/iSSEZzMDmRDE/v0/1000x-1.jpg,
https://theaviationgeekclub.com/wp-content/uploads/2017/08/F-35-001-W1.jpg,
https://img.bfmtv.com/c/1256/708/ffc/809e5f7f4922142fcccf86942bf04.jpeg,
https://media.lesechos.com/api/v1/images/view/5bedb6858fe56f126778e59a/1280x720/060150279017-web-tete.jpg,
https://static01.nyt.com/images/2019/04/10/world/10japan-plane-2/merlin_153297654_8cd52b1d-978d-4486-bee3-e102f3a609de-articleLarge.jpg?quality=75&auto=webp&disable=upscale,
https://media.npr.org/assets/img/2019/07/17/gettyimages-1148473667_wide-73b9381ab8070c241dd6cab221b62d7d51e7662f-s800-c85.jpg,
https://image.businessinsider.com/5d38907d100a247f9916121a?width=1200&format=jpeg,
https://ichef.bbci.co.uk/news/660/cpsprodpb/58D6/production/_103624722_adc8cc52-3336-4051-a26e-ed432d1caaca.jpg,
https://ahvalnews.com/sites/default/files/styles/is_article_featured_top_1200x550/public/2019-07/f35.jpg?h=90da9991&itok=RWm8bFQ9,
https://s.france24.com/media/display/3e78144e-f9d5-11e8-85dc-005056a964fe/w:980/p:16x9/26102018_f-35.jpg,
https://i2.wp.com/metro.co.uk/wp-content/uploads/2019/08/Lockheed-Martin-F-35-Lightning-27-1f40.jpg?quality=90&strip=all&zoom=1&resize=964%2C642&ssl=1,
https://acchamber.com/wp-content/uploads/2019/12/27410588423_589e2f3b4c_o-1080x675.jpg,
https://defence-blog.com/wp-content/uploads/2019/10/5596374.jpg,
https://www.aero-mag.com/wp-content/uploads/2019/06/F-35-1024x511.jpg,
https://e3.365dm.com/19/06/768x432/skynews-f35-jet_4694642.jpg,
https://ipa.news/wp-content/uploads/2019/04/F35.jpg,
https://upload.wikimedia.org/wikipedia/commons/thumb/2/2a/An_F-35_Lightning_II_completes_a_flyover_of_USS_Zumwalt_%28DDG_1000%29._%2829774535153%29.jpg/220px-An_F-35_Lightning_II_completes_a_flyover_of_USS_Zumwalt_%28DDG_1000%29._%2829774535153%29.jpg,
https://i.vimeocdn.com/video/789433065_728x410.jpg?r=pad,
https://thedefensepost.com/wp-content/uploads/2019/05/RAF-squad-small-1170x610.jpg,
https://static.timesofisrael.com/fr/uploads/2016/04/17050091398_16aa81fc9f_k-e1459778906921-965x5431-1024x640.jpg,
http://psk.blog.24heures.ch/media/00/02/658452389.jpg,
https://www.jforum.fr/wp-content/uploads/2019/11/F-35-Russia_768_512.jpg,
https://miro.medium.com/max/3600/1*O5W81wY8RSJ05-Zs6WL5iw.jpeg,
https://i.ytimg.com/vi/HlLHooO_yJM/maxresdefault.jpg,
http://www.opex360.com/wp-content/uploads/f35-20190301-1.jpg,
https://ichef.bbci.co.uk/news/660/cpsprodpb/10CC9/production/_92990886_gettyimages-544079970.jpg,
https://cdn.presstv.com/photo/20190511/7184dc15-4af0-405e-ae2c-061850f7cb28.jpg,
https://content.fortune.com/wp-content/uploads/2015/09/20278731994_730232d6d5_k.jpg,
https://upload.wikimedia.org/wikipedia/commons/thumb/0/08/USS_America%27s_Test_F-35_Flight_Operations.jpg/220px-USS_America%27s_Test_F-35_Flight_Operations.jpg,
https://www.lockheedmartin.com/content/dam/lockheed-martin/aero/photo/F-35/f35product/2019launch/f35-events-air-force-association.jpg.pc-adaptive.full.medium.jpeg,
http://www.slate.fr/sites/default/files/styles/1060x523/public/f35.jpg,
https://i.ytimg.com/vi/d9HqVXGRJL0/maxresdefault.jpg,
https://c8.alamy.com/compfr/kdrbnm/f35-joint-strike-fighter-en-passant-par-la-boucle-de-mach-au-pays-de-galles-pour-la-premiere-fois-17-05-02-kdrbnm.jpg,
https://thumbs-prod.si-cdn.com/Ejcy9Ehgnh45YFbR4SEqzAfP3VA=/800x600/filters:no_upscale()/https://public-media.si-cdn.com/filer/bb/bf/bbbf463b-95c8-4252-9936-dc2f5d90d7e8/08c_am2019_haveaskedforbigger13j00446_39_live.jpg,
https://static.asiatimes.com/uploads/2019/10/Screen-Shot-2019-09-30-at-12.37.28-PM-900x540.png,
https://www.tusas.com.tr/uploads/cache/f35--1-hex-gallery.jpg,
https://www.thenation.com/wp-content/uploads/2019/09/f-35-pentagon-shutterstock-img.jpg,
https://img.thedailybeast.com/image/upload/c_crop,d_placeholder_euli9k,h_1439,w_2560,x_0,y_0/dpr_1.5/c_limit,w_1044/fl_lossy,q_auto/v1492190273/articles/2014/12/31/new-u-s-stealth-jet-can-t-fire-its-gun-until-2019/141230-majumdar-f35-jet-tease_snyibn,
https://img.militaryaerospace.com/files/base/ebm/mae/image/2019/10/16x9/F_35_29_Oct_2019.5db8476490bb9.png?auto=format&w=500,
https://nationalinterest.org/sites/default/files/styles/desktop__1260_/public/main_images/DzYkvM-VYAAqT8W.jpg?itok=J3e1kOTu,
https://defence-blog.com/wp-content/uploads/2019/10/5596374.jpg,
https://ipa.news/wp-content/uploads/2019/04/F35.jpg,
https://img.aws.la-croix.com/2017/06/21/1200856833/Vol-demonstration-F35-salon-Bourget-20-2017_0_728_485.jpg,
https://www.aljazeera.com/mritems/imagecache/mbdxxlarge/mritems/Images/2019/4/2/168c0df51c63424b93ee76c008884bc7_18.jpg,
https://hips.hearstapps.com/hmg-prod.s3.amazonaws.com/images/2281746-1571089281.jpg?resize=480:*,
https://ds1.static.rtbf.be/article/image/370x208/5/e/8/1b6eb042eddf03d7f968d0eba39d896a-1540202659.jpg,
https://i.ytimg.com/vi/8B3zOJPYunI/maxresdefault.jpg,
https://static.turbosquid.com/Preview/001203/479/1J/f-35-strike-fighter-3D_Z.jpg,
https://assets.bwbx.io/images/users/iqjWHBFdfxIU/iv_2Z_ySF8ak/v0/1000x-1.jpg,
https://www.usinenouvelle.com/mediatheque/8/3/5/000577538_image_896x598/f-35-decollage-rampe-de-lancement-soufflante-de.jpg,
https://sites.breakingmedia.com/uploads/sites/3/2019/11/F-22s-F-35s-fly-together-141105-F-XC395-173.jpeg,
https://cdn.defenseone.com/media/img/upload/2018/08/30/4648914/defense-large.jpg,
https://homeofaviation.com/wp-content/uploads/2019/04/AIA-19-F35-cr-Peter-Chrismas-6.jpg,
https://www.francetvinfo.fr/image/75ne7xos9-959f/1200/450/19304967.jpg,
http://www.portail-aviation.com/wp-content/uploads/2017/02/tetepilote-f35.png,
https://www.tusas.com.tr/uploads/cache/f35--2-hex-gallery.jpg,
https://theaviationgeekclub.com/wp-content/uploads/2019/08/VT-F-35.jpg,
https://www.aljazeera.com/mritems/imagecache/mbdxxlarge/mritems/Images/2019/7/31/a8babf1342b5439aa56d56a214ef8ebc_18.jpg,
https://www.cdiscount.com/pdt2/4/6/2/1/700x700/lia3662788248462/rw/avion-militaire-f35-bleu.jpg,
https://cdn.cnn.com/cnnnext/dam/assets/190510162914-japanese-f-35-stealth-fighter-full-169.jpg,
https://www.armytimes.com/resizer/3X3enh2ESanoD_BlY_l2NX0b8iU=/1200x0/filters:quality(100)/arc-anglerfish-arc2-prod-mco.s3.amazonaws.com/public/X2YULS7TZZFVZO6ELYJRWVGRVM.jpg,
https://ds1.static.rtbf.be/article/image/370x208/e/3/1/2ed0828621535a2a85a8f8e3388080d2-1553171258.jpg,
https://i.ytimg.com/vi/7bw-dXaVN0w/maxresdefault.jpg,
https://upload.wikimedia.org/wikipedia/commons/thumb/3/39/USAF_X32B_250.jpg/220px-USAF_X32B_250.jpg,
https://images01.military.com/sites/default/files/styles/full/public/2019-08/F35-Al-Dhafra-UAE-1800.jpg?itok=k_6f5u0s,
http://www.45enord.ca/wp-content/uploads/2019/05/190531-f35.jpg,
https://www.challenges.fr/assets/img/2015/07/02/cover-r4x3w1000-578fdda9468bf-un-f-35a-au-ravitaillement.jpg,
https://www.vpr.org/sites/vpr/files/styles/x_large/public/201909/f35-5-vpr-reed-20190919.jpg,
https://a855196877272cb14560-2a4fa819a63ddcc0c289f9457bc3ebab.ssl.cf2.rackcdn.com/171/a-b-news__main.jpg,
https://www.militaryfactory.com/aircraft/imgs/lockheed-martin-f35-lightning-ii-advanced-strike-fighter-aircraft-usa_13.jpg,
https://www.imeche.org/images/default-source/pe-news/lm-ad-f35---uk-workshare---fg18-11353_001-f-35b-uk-ind-part-v2.jpg?sfvrsn=0,
https://theaviationgeekclub.com/wp-content/uploads/2019/10/F-35-HMS-Queen-Elizabeth.jpg,
https://ichef.bbci.co.uk/news/640/cpsprodpb/119A3/production/_90199027_mediaitem90199024.jpg,
https://www.aljazeera.com/mritems/imagecache/mbdxxlarge/mritems/Images/2019/6/11/aaf3c527df544ec58303b0ed5d87eb2d_18.jpg,
https://st2.depositphotos.com/1518652/11019/i/950/depositphotos_110196572-stock-photo-f35-of-us-air-force.jpg,
https://s1.reutersmedia.net/resources/r/?m=02&d=20130315&t=2&i=713173416&r=CBRE92E1KVT00&w=1280,
https://nationalinterest.org/sites/default/files/styles/desktop__1260_/public/main_images/A145%20%281%29.jpg?itok=FLnsCbsJ,
http://www.opex360.com/wp-content/uploads/f35-20180128.jpg,
https://www.aviationtoday.com/wp-content/uploads/2019/11/f35-hover.png,
https://cdn.geekwire.com/wp-content/uploads/2016/12/161212-f35-630x555.jpg,
https://www.extremetech.com/wp-content/uploads/2016/02/f-35fEATURE.jpg,
https://www.straitstimes.com/sites/default/files/styles/article_pictrure_780x520_/public/articles/2019/01/18/colin-fj2-18.jpg?itok=TiYIrxx2&timestamp=1547797491,
https://i.ebayimg.com/images/g/544AAOSwEzxYQnEW/s-l640.jpg,
https://upload.wikimedia.org/wikipedia/commons/thumb/6/66/F-35A_-_Inauguration_Towing.jpg/220px-F-35A_-_Inauguration_Towing.jpg,
https://i.pinimg.com/originals/41/35/ff/4135ffed530b6542caff0c423f61fa78.png,
https://www.armytimes.com/resizer/YSexAlZYxWR-wDUUaEkjK995zvM=/1200x0/filters:quality(100)/arc-anglerfish-arc2-prod-mco.s3.amazonaws.com/public/TC7UYGIIRFGSXFWMQ2ODVIFCXI.jpg,
https://e3.365dm.com/18/06/2048x1152/skynews-f-35-fighter-jet-raf_4329973.jpg,
https://the-drive-3.imgix.net/https%3A%2F%2Fapi.thedrive.com%2Fwp-content%2Fuploads%2F2019%2F04%2Fasasdasd.jpg%3Fquality%3D85?w=1440&auto=compress%2Cformat&ixlib=js-1.4.1&s=12842892c886ddc8962373b093661d52,
https://cdn3.img.sputniknews.com/images/105971/43/1059714309.jpg,
https://french.almanar.com.lb/framework/includes/uploads/2017/01/manar-00689870014841239841.jpg,
https://i1.wp.com/www.stalkerzone.org/wp-content/uploads/2019/11/1573066146_-160-11.jpg?fit=800%2C482&ssl=1,
https://cdni.rt.com/files/2018.06/article/5b30e6d8fc7e934a678b45b1.jpg,
https://www.jforum.fr/wp-content/uploads/2019/04/1165345563-1728x800_c-1320x611_875_583.jpg,
https://cdnph.upi.com/svc/sv/upi_com/8241563547462/2019/1/04368b9a1d3c024541d56f390a046551/Lockheed-Martin-awarded-1124M-for-work-on-F-35.jpg,
https://assets.publishing.service.gov.uk/government/uploads/system/uploads/image_data/file/81235/s960_CAT_D_3rd_-_The_Fifth_Element.jpg,
https://images.radio-canada.ca/q_auto,w_1250/v1/ici-info/16x9/f35-ciel-feu.jpeg,
https://media.graytvinc.com/images/810*455/f35+meeting+aug+14.jpg,
https://www.militaryfactory.com/aircraft/imgs/lockheed-martin-f35-lightning-ii-advanced-strike-fighter-aircraft-usa.jpg,
https://www.ball.com/aerospace/Aerospace/media/Aerospace/Misc%20Page%20Images/398x265F-35_on-deckLM-credit.jpg?ext=.jpg,
https://image.shutterstock.com/image-photo/f35-lightning-ii-clouds-260nw-1560660194.jpg,
https://www.raytheon.com/sites/default/files/2019-02/HGP_5421-F-35_694x463.jpg,
https://cdn.arstechnica.net/wp-content/uploads/2015/07/AF-02-F-35A-461FLTS-980x651.jpeg,
https://assets.newatlas.com/dims4/default/71b99a6/2147483647/strip/true/crop/3000x2002+0+199/resize/1160x774!/quality/90/?url=https%3A%2F%2Fassets.newatlas.com%2Farchive%2Ff-35-jsf.jpg,
https://cdn.defenseone.com/media/img/upload/2018/12/06/4905893_1/defense-large.jpg,
https://postmediaottawacitizen2.files.wordpress.com/2017/04/f35-paveway-4-sized.jpg?quality=80&strip=all&w=371&h=277&crop=1,
https://assets.bwbx.io/images/users/iqjWHBFdfxIU/iMkgmbpqfDkw/v1/1000x-1.jpg,
https://foreignpolicy.com/wp-content/uploads/2019/07/GettyImages-1004354284.jpg,
https://ae01.alicdn.com/kf/HTB1gl46PFXXXXbvXVXXq6xXFXXXU/FMS-F-35-Lightning-V2-64mm-EDF-Jet-PNP-and-KIT-F35-F-35-RC-model.jpg,
https://static.atlantico.fr/sites/default/files/styles/media_image_449x268/public/063_1042595628.jpg?itok=PIT3PyH6,
https://nationalpostcom.files.wordpress.com/2012/10/f35.jpg?quality=80&strip=all&w=620,
https://i.ytimg.com/vi/OM3qQUVGN5s/maxresdefault.jpg,
https://e3.365dm.com/19/03/768x432/skynews-tornado-raf-tonka_4607590.jpg?20190313223722,
https://www.armytimes.com/resizer/P_92HxabzFTTFF2aXCkHvYdRsyY=/1200x0/filters:quality(100)/arc-anglerfish-arc2-prod-mco.s3.amazonaws.com/public/USI4R7OXZJA3XNFHJZEUSEE32I.jpg,
https://i.pinimg.com/originals/3b/91/b5/3b91b5cb054c0ce0f790d6331f4fabe4.jpg,
https://ukdj.imgix.net/49ee76a83daaabc465fd1c7607679eed_/38GpPO-OFFICIAL-20180607-087-162.jpg?auto=compress%2Cformat&ixlib=php-1.2.1&s=5fbd4ed71d5b17cd67ce0735874f2c80,
https://pbs.twimg.com/media/EIzAPZRXkAET9Ze.jpg,
https://upload.wikimedia.org/wikipedia/commons/4/48/RNLAF_F-35_F-001_05.jpg